{
  "xMin": 0,
  "xMax": 9530.166258,
  "yMin": 522.0314105,
  "yMax": 720.5
}
