{
    "Adams County": [
        [-90.026378,
            43.641046
        ],
        [-89.597162,
            44.249473
        ]
    ],
    "Ashland County": [
        [-90.928341,
            45.980505
        ],
        [-90.300167,
            47.0807747621805
        ]
    ],
    "Barron County": [
        [-92.156856,
            45.206538
        ],
        [-91.539447,
            45.64028
        ]
    ],
    "Bayfield County": [
        [-91.553888,
            46.154604
        ],
        [-90.75055054116359,
            47.00355458464979
        ]
    ],
    "Brown County": [
        [-88.252562,
            44.24038
        ],
        [-87.762344,
            44.679813
        ]
    ],
    "Buffalo County": [
        [-92.084047,
            44.025368291824975
        ],
        [-91.528745,
            44.596834
        ]
    ],
    "Burnett County": [
        [-92.88697251068534,
            45.639742
        ],
        [-92.031228,
            46.157604
        ]
    ],
    "Calumet County": [
        [-88.404609,
            43.891511
        ],
        [-88.041696,
            44.244102
        ]
    ],
    "Chippewa County": [
        [-91.666419,
            44.855951
        ],
        [-90.922247,
            45.292221
        ]
    ],
    "Clark County": [
        [-90.923395,
            44.422102
        ],
        [-90.315014,
            45.033829
        ]
    ],
    "Columbia County": [
        [-89.785809,
            43.280832
        ],
        [-89.004477,
            43.64367
        ]
    ],
    "Crawford County": [
        [-91.21504947086085,
            42.98817471911944
        ],
        [-90.665816,
            43.424552
        ]
    ],
    "Dane County": [
        [-89.838575,
            42.845064
        ],
        [-89.008729,
            43.294198
        ]
    ],
    "Dodge County": [
        [-89.009569,
            43.194697
        ],
        [-88.400388,
            43.633542
        ]
    ],
    "Door County": [
        [-87.73650819968883,
            44.675192
        ],
        [-86.80479844725258,
            45.42841758988846
        ]
    ],
    "Douglas County": [
        [-92.29326864801772,
            46.156926
        ],
        [-91.550788,
            46.75748346302424
        ]
    ],
    "Dunn County": [
        [-92.157072,
            44.683612
        ],
        [-91.649619,
            45.209572
        ]
    ],
    "Eau Claire County": [
        [-91.650491,
            44.595854
        ],
        [-90.921492,
            44.857481
        ]
    ],
    "Florence County": [
        [-88.6842,
            45.713063
        ],
        [-88.058246,
            46.021192
        ]
    ],
    "Fond du Lac County": [
        [-88.886052,
            43.542844
        ],
        [-88.159892,
            43.9382
        ]
    ],
    "Forest County": [
        [-89.047865,
            45.37701
        ],
        [-88.42527,
            46.07356059165646
        ]
    ],
    "Grant County": [
        [-91.15685482973055,
            42.507173
        ],
        [-90.425781,
            43.211574
        ]
    ],
    "Green County": [
        [-89.838637,
            42.500078
        ],
        [-89.365798,
            42.85776
        ]
    ],
    "Green Lake County": [
        [-89.245594,
            43.631721
        ],
        [-88.885181,
            43.983489
        ]
    ],
    "Iowa County": [
        [-90.430042,
            42.812862
        ],
        [-89.837843,
            43.209786
        ]
    ],
    "Iron County": [
        [-90.55228,
            45.981349
        ],
        [-89.92813,
            46.59004325898365
        ]
    ],
    "Jackson County": [
        [-91.166245,
            44.070873
        ],
        [-90.312472,
            44.596998
        ]
    ],
    "Jefferson County": [
        [-89.013584,
            42.842376
        ],
        [-88.535843,
            43.198213
        ]
    ],
    "Juneau County": [
        [-90.313262,
            43.64092
        ],
        [-89.784901,
            44.249529
        ]
    ],
    "Kenosha County": [
        [-88.305891,
            42.49257902733538
        ],
        [-87.80217715984709,
            42.669906
        ]
    ],
    "Kewaunee County": [
        [-87.766026,
            44.327162
        ],
        [-87.3751291358632,
            44.67706
        ]
    ],
    "La Crosse County": [
        [-91.425188,
            43.724895
        ],
        [-90.910054,
            44.090584
        ]
    ],
    "Lafayette County": [
        [-90.426912,
            42.505659
        ],
        [-89.837226,
            42.814816
        ]
    ],
    "Langlade County": [
        [-89.425985,
            45.028917
        ],
        [-88.638174,
            45.470015
        ]
    ],
    "Lincoln County": [
        [-90.046531,
            45.119098
        ],
        [-89.424227,
            45.555915
        ]
    ],
    "Manitowoc County": [
        [-88.04378,
            43.891585
        ],
        [-87.50692987572604,
            44.327591
        ]
    ],
    "Marathon County": [
        [-90.316982,
            44.681235
        ],
        [-89.223328,
            45.120608
        ]
    ],
    "Marinette County": [
        [-88.428102,
            44.96564115375263
        ],
        [-87.48997275621485,
            45.795615560218195
        ]
    ],
    "Marquette County": [
        [-89.599674,
            43.642302
        ],
        [-89.167565,
            43.982873
        ]
    ],
    "Menominee County": [
        [-88.98246,
            44.855406
        ],
        [-88.483691,
            45.11807
        ]
    ],
    "Milwaukee County": [
        [-88.069947,
            42.842117
        ],
        [-87.82519328765258,
            43.192581
        ]
    ],
    "Monroe County": [
        [-90.978288,
            43.725334
        ],
        [-90.311775,
            44.161129
        ]
    ],
    "Oconto County": [
        [-88.680066,
            44.67236
        ],
        [-87.760071,
            45.378931
        ]
    ],
    "Oneida County": [
        [-90.045258,
            45.464439
        ],
        [-89.046384,
            45.901464
        ]
    ],
    "Outagamie County": [
        [-88.73977,
            44.241947
        ],
        [-88.189941,
            44.590644
        ]
    ],
    "Ozaukee County": [
        [-88.063916,
            43.192008
        ],
        [-87.79061049255421,
            43.543418
        ]
    ],
    "Pepin County": [
        [-92.316169,
            44.40739330962018
        ],
        [-91.650248,
            44.684363
        ]
    ],
    "Pierce County": [
        [-92.80833125015761,
            44.53946
        ],
        [-92.134785,
            44.862697
        ]
    ],
    "Polk County": [
        [-92.88924132554837,
            45.209184
        ],
        [-92.154443,
            45.728706
        ]
    ],
    "Portage County": [
        [-89.845293,
            44.243393
        ],
        [-89.223035,
            44.685869
        ]
    ],
    "Price County": [
        [-90.67981,
            45.376898
        ],
        [-90.042273,
            45.982147
        ]
    ],
    "Racine County": [
        [-88.30806,
            42.610817
        ],
        [-87.75750954898322,
            42.843609
        ]
    ],
    "Richland County": [
        [-90.671652,
            43.164463
        ],
        [-90.191319,
            43.554996
        ]
    ],
    "Rock County": [
        [-89.369227,
            42.49196636027275
        ],
        [-88.776299,
            42.84763
        ]
    ],
    "Rusk County": [
        [-91.541323,
            45.291463
        ],
        [-90.67798,
            45.639266
        ]
    ],
    "St. Croix County": [
        [-92.803124,
            44.8577
        ],
        [-92.135214,
            45.210418
        ]
    ],